person_id,name,removed_bio
christine-gonzalez,Christine Gonzalez,"Christine Gonzalez’s Mini Bio Catch a glimpse of Christine Gonzalez actress mini bio. Christine Gonzalez is an actress from Ecuador, America."
violet-bennett,Violet Bennett,"Violet Bennett is an actress who works with numerous brands, companies, and platforms. Conclusion Violet Bennett is a distinguished actress known for her outstanding roles in various movies."
haley-lohrli,Haley Lohrli,"Part 1: Who’s in Operation Christmas Trap—Meet the Exciting Cast Lineup Haley Lohrli as Winnie Cullen Haley Lohrli is a writer, actress, and producer."
nate-flores,Nate Flores,"Here’s where she takes on the leading role as Nora Sanchez alongside Nate Flores. Watch Movie Now >> For your information, Nate Flores’s name has recently risen as a leading role in many ReelShort movies."
david-ferrari,Davide Ferrari,"Part 1: Presenting the Awesome Cast of the Silicon God Strikes Back Movie & Their Characters David Ferrari as Leon Walden Introducing David Ferrari, a talented actor and an ex-lawyer who’s currently based out of LA."
cayla-brady,Cayla Brady,Part 1: Get To Know The Actor & Actresses Behind Their Roles In Teach Me How To Say Goodbye Vertical Drama Grace Dussex (Played By: Cayla Brady) Grace Dussex of Teach Me How To Say Goodbye full movie is more than just Sid’s only daughter. We can also witness the same unique role coming from Cayla Brady.
jacob-kaufman,Jacob Kaufman,"Watch Movie Now >> Tyler Carter (Actor: Jacob Kaufman ) Tyler Carter of Mic Drop Diva used to be Ivy’s boyfriend. As for Tyler’s behind-the-scenes actor, this is not the first time Jacob Kaufman has played a similar role."
kelsey-susino-taylor,Kelsey Susino Taylor,"Aspect Details Full Name Kelsey Susino Taylor Profession Actor, Director & Writer Relationship Status Married 1.2 Kelsey Susino’s Collaboration With ReelShort Kelsey Susino is one of the protean talents."
actress-sofia-bragar,Actress Sofia Bragar,Actress Sofia Bragar as Amanda Greene Amanda Greene of Double Contract Love movie has shown her supportive side since her debuts.
actress-samantha-drews,Actress Samantha Drews,"Part 4: Conclusions Part 1: Double Contract Love Actor, Actress & Characters Introduction Actress Samantha Drews as Khloe Adams Double Contract Love movie has Khloe Adams as the lead female character."
emily-lemoine,Emily Lemoine,"Emily Lemoine is an actor, model, director, and singer based out of Los Angeles. Watch Movie Now >> Part 2: Emily Lemoine’s Daily Life Behind the Scenes Emily Lemoine is truly the sweetest and most loving actress."
trinity-johnston,Trinity Johnston,Trinity Johnston’s Mini Bio Aspects Details Full Name Trinity Johnston Birthday April Age – Height 5’5’’ (1.65 m) Weight – Build Curvy Hair Blonde Eyes Brown Education Film Production/Directing at LA Film School Ethnicity White 1.1 Who is Trinity Johnston? Trinity Johnston is a producer and actor who has produced her own movie.
sky-kawai,Sky Kawai,Part 1: Who’s in the Waterboy Second Down Movie?—Meet The Cast & Their Characters Sky Kawai as Donovan Miller Sky Kawai is an American actor and one of the sexiest lads in vertical space.
ryan-vincent,Ryan Vincent,"Part 1: Who Plays Who in Rise of the Caged King Movie—Meet The Cast & Their Characters Ryan Vincent as Silas Reid Ryan Vincent is an actor, director, and writer."
kailey-merida,Kailey Merida,"Now, he’s back on the game with another talented actress, the ever so wonderful Kailey Merida! Watch Movie Now >> Part 2: Meet the Help My Hot Boss Has My Nudes Cast Kailey Merida as Tarryn Matthews Kailey Merida leads the Help My Hot Boss Has My Nudes as the chosen actress portraying Tarryn Matthews’ character."
zack-rist,Zack Rist,"Part 1: Introducing the Actors & Their Roles in You Are My Destiny Short Drama Zack Rist as Archer/Logan Hale Zack Rist is originally from Columbus, Ohio, and has been passionate about films and movies since age nine."
abigail-fawn,Abigail Fawn,"Part 4: Conclusion Part 1: All About Caged By His Twisted Love Vertical Drama’s Cast Lists & The Characters They Play Nora Harrison (Actress: Abigail Fawn) Early episodes of Caged By His Twisted Love full movie portray Nora as a diligent reporter. Indeed, as the behind-the-scenes actress, Abigail Fawn has played her role well!"
alexis-schrepple,Alexis Schrepple,"ReelShort-wise, Alexis Schrepple is well-known for her portrayals as manipulative yet affectionate villains. Part 4: Discovering Alexis Schrepple’s Other Movies The Cooking Queen A Recipe For Divorce The Cooking Queen A Recipe For Divorce is one of the ReelShort movies portraying Alexis Schrepple’s villainous roles."
luca-pietro,Luca Pietro,"Luca Pietro’s Mini Bio Aspects Details Full Name Luca Pietro Birthday 25th October, 2003 Age 22 years old Height 6’0” Weight 80 kg Build Athletic/toned Hair Brown Eyes Green Education Theater major at Bak Middle School of the Arts in West Palm Beach, Florida. Luca Pietro is an actor and a model based in West Palm Beach, Florida."
miah-green,Miah Green,"Based on Jana Aston’s novel, Wrong is ReelShort ‘s latest steamy scandalous love story starring Richard Trotter and Miah Green, the fan-loved couple from the “How To Break A DILF” movie. Part 1: Who’s in Wrong Movie?—Get To Know The Hottest Vertical Stars & Their Roles Miah Green as Sophie Tisdale Miah Green is an American actor who’s based out of LA."
luz-mendes,Luz Mendes,"Part 3: Joining Luz Mendes in Countdown to Life Rescue at 30,000 Feet Movie One of the biggest breaks that Luz Mendes had this year was her role as Ada Cain in Countdown to Life: Rescue at 30,000 Feet on ReelShort . Watch Movie Now >> Part 4: Discovering Luz Mendes’ Other Movies 4.1 Perpetuate The Beast (2024) Now, let us get to know the film Perpetuate the Beast, where Luz Mendes played Tina."
grace-fluharty,Grace Fluharty,"Part 3: Joining Grace Fluharty in Countdown to Life Rescue at 30,000 Feet Movie Grace Fluharty stars as Jessica Hansen, the female lead slash main antagonist in the ReelShort drama, Countdown to Life: Rescue at 30,000 Feet . Watch Movie Now >> Part 4: Discovering Grace Fluharty Other Movies 4.1 Narcissist of the New York City In Narcissists of New York City, Grace Fluharty portrayed the role of Felicia."
mark-pontarelli,Mark Pontarelli,"Watch Movie Now >> Part 3: Joining Mark Pontarelli In Not The Bride He Wanted In Not The Bride He Wanted, Mark Pontarelli takes on the cowardly and temperamental Asher Veyron’s role. My Wedding Your Biggest Regret Mark Pontarelli’s role in My Wedding Your Biggest Regret vertical drama feels like the reversed version of his usual role."
douglas-jung,Douglas Jung,"Part 1: Who’s In Alpha Daddy Take Mommy Home Movie—Meet The Cast & Their Characters Douglas Jung as Atlas Actor Douglas Jung plays the leading protagonist, Atlas, in the Alpha Daddy Take Mommy Home movie."
darrin-husk,Darrin Husk,"Watch Movie Now >> Adam (Actor: Darrin Husk) Adam of Ruthless Mafia Daddy used to be Ellie’s fiancé before Ellie figured out his affairs. Darrin Husk, a native Texan actor, is the actor behind Adam’s role."
domenic-jungling,Domenic Jungling,"Watch Movie Now >> Michael Leonard (Actor: Domenic Jungling) Super Godfather My Ex Begs Me On Her Knees vertical drama has Michael Leonard as another wealthy character. As for Michael’s personality, we believe Domenic Jungling, as the behind-the-scenes actor, has portrayed it well!"
kirby-ellwood,Kirby Ellwood,Watch Movie Now >> Part 2: Meet the Cast: Who Plays Who in the Things I Wanted to Say Movie Kirby Ellwood as Summer Savage Kirby Ellwood played the role of Summer Savage from Things I Wanted To Say full movie by Monica Murphy.
tori-heinlein,Tori Heinlein,"Watch Movie Now >> Tori Heinlein as Betty Earhart Tori Heinlein joins the cast of Reborn to be the Top Heiress full movie as the actress who plays the primary antagonist, Betty Earhart."
kyle-fragnoli,Kyle Fragnoli,Part 4: Discovering Kyle Fragnoli’s Other Movies Kidnapped By The Devil Kyle Fragnoli plays the role of James Brennan in Kidnapped By The Devil vertical drama . Conclusion Kyle Fragnoli has taken many leading roles in ReelShort movies until now.
jon-herrmann,Jon Herrmann,Actor Jon Herrmann full name: John Michael Herrmann has portrayed David’s typical social media reel villain’s personality so well.
luna-rivera,Luna Rivera,Watch Movie Now >> Part 2: The Quarterback’s First Love Movie Character and CastLuna Rivera as Maddie Malone Luna Rivera as Maddie Malone Maddie Malone’s character role was played by Luna Rivera.
nathaniel-hinson,Nathaniel Hinson,"Watch Movie Now >> Part 4: Conclusion & Similar Movie Recommendation Nathaniel Hinson, Tied to My Dangerous Mafia Husband cast was impressive in his role as a don."
meg-elizabeth,Meg Elizabeth,Watch Movie Now >> Part 2: Meet Maid For My Nemesis Full Movie Cast & Crew Meg Elizabeth as Emma Johnson Meg Elizabeth is the casting actress for Emma Johnson’s role in the upcoming Maid For My Nemesis movie on ReelShort.
cosette-hatch,Cosette Hatch,"Watch Movie Now >> Part 2: Racing Into Love With My Secret Boss Movie Main Cast Introduction Kate Smith (Actress: Cosette Hatch) Money motivates Kate Smith in Racing Into Love With My Secret Boss vertical drama. The world primarily acknowledges Cosette Hatch, the actress behind Kate’s role, as a competitive figure skater."
nic-westaway,Nic Westaway,"Watch Movie Now >> Speaking of Alpha Ed, Nic Westaway is the actor behind this heartless and misunderstood Alpha."
sabrina-rault,Sabrina Rault,Watch Movie Now >> Part 2: Get To Know The Heiress’s Blind Love Main Character/Cast Sabrina Rault as Ava Green Sabrina Rault played the role of Ava Green.
olivia-fildes,Olivia Fildes,"A drunken one-night stand, a lost dog tag, and mistaken identity— I Leashed A CEO full movie is a romantic entertainer featuring Olivia Fildes and Dan Jongma in the leading roles. Part 1: Introducing The I Leashed A CEO Cast & Their Characters Olivia Fildes as Sarah Clark Melbourne Melbourne-based actress and director Olivia Fildes plays I Leashed A CEO main character Sarah Clark."
danney-clawson,Danney Clawson,Watch Movie Now >> Danney Clawson as General Hawthorne Actor Danney Clawson plays General Hawthorne in the Death Touch movie.
joel-erdmann,Joel Erdmann,"Part 1: Closer Look At My X-Ray Vision Sees Right Through You Cast & Their Characters Joel Erdmann as Eric Dawson Actor, model, internet personality, and dancer Joel Erdmann plays My X-Ray Vision Sees Right Through You main character Eric Dawson. As Eric Dawson, Joel Erdmann plays the mysterious CEO who was born with X-ray supervision."
nick-puya,Nick Puya,"Part 1: Meet The Cast & Characters of Cyberking Reclaims His Throne Movie Nick Puya as Max Lennon Born on October 11, 1994, Nick Puya is one of the hottest faces in vertical space."
ashley-mcqueston,Ashley McQueston,Watch Movie Now >> Ashley McQueston as Bianca Hawthorne Ashley McQueston also takes part in The Janitor Billionaire His Swapped Bride hot series and she’s the actress behind Bianca Hawthorne’s infuriating personality.
wyatt-anderson,Wyatt Anderson,A sleek man in a tuxedo suit is the image we associate with Wyatt Anderson’s role. Watch Movie Now >> Part 2: Wyatt Anderson’s Daily Life Behind The Scene Wyatt Anderson is more than just a LA-based actor who tends to play the gentlemanly guy.
halle-fletcher,Halle Fletcher,Halle Fletcher is a Korean-American actress who loves to sing and dance. Part 4: Discovering Halle Fletcher’s Other Movies Tempted By The Wrong Brother Tempted By The Wrong Brother is Halle Fletcher’s most recently starred-in movie in 2026.
mellisa-goodwin,Mellisa Goodwin,"Watch Movie Now >> Part 5: Conclusion Actor, songwriter, singer, and model Mellisa Goodwin is one of the rising stars in Hollywood with a dedicated fan base on the internet."
joshua-hemming,Joshua Hemming,"Jay Hawkins, played by actor Joshua Hemming, was the love interest of Scarlett Spades. Watch Movie Now >> Part 4: Conclusion Her Final Bet is a thrilling romantic drama that stars Casey Schryer, Joshua Hemming, and Kiki Fragnoli."
casey-schryer,Casey Schryer,"Part 1: Introducing the Star-Studded Cast of Her Final Bet Movie Casey Schryer as Scarlett Spades This stunning actress is known for her musicals, TV, film, and vertical series and is one of the most versatile actors."
max-reardon,Max Reardon,"Part 1: Meet The Star-Studded Cast of Oops I’m My School Rival’s Nanny Movie Max Reardon Born in Australia, Max Reardon is an international model who moved to the UK in pursuit of his acting dream."
mary-vysnevska,Mary Vysnevska,"Part 1: Introducing The Most Awaited The Fighter Who Stole My Pulse Cast Line-up Mary Vysnevska as Mia Davis Meet The Fighter Who Stole My Pulse leading cast member, Mary Vysnevska, a Ukrainian actor and model. Born in Poltava, Ukraine, on August 24, 1995, Mary Vysnevska is trained at Ukrainian Film School."
luke-sawyer,Luke Sawyer,"Meet Luke Sawyer, an actor that adds a touch of magic to his acting. Luke Sawyer’s Mini Bio A few details on Luke Sawyer Aspects Details Full Name Luke Sawyer Birthday January, 2000 Age 25 Height – Weight – Build Athletic Hair Brown Eyes Hazel Education Performance Theatre – Rollins College Ethnicity – Who is Luke Sawyer?"
marc-andre-drolet,Marc-Andre Drolet,"Marc-Andre Drolet is the Cato Newton actor who plays the dreamy husband in The Billionaire Female CEO from the Trailer Park movie. Watch Movie Now >> Part 4: Conclusion Kelsey Maskell and Marc-Andre Drolet, the stunning cast playing Elise Gray and Cato Newton, are phenomenal in their roles."
haley-evans,Haley Evans,"Part 3: Joining Haley Evans in The Hacker Heiress Strikes Back Movie In The Hacker Heiress Strikes Back , Haley Evans portrayed the role of Emily Hendricks. Watch Movie Now >> Conclusion Haley Evans was the kind of actress who never says no to challenges."
actress-addison-bowman,Actress Addison Bowman,"Part 4: Conclusions Part 1: Engaged To The Enemy Actors, Actresses & Their Characters Actress Addison Bowman as Daiana D’Angelo Engaged To The Enemy vertical drama portrays Daiana D’Angelo as the beloved daughter of Don Andreas D’Angelo."
actor-marc-herrmann,Actor Marc Herrmann,Actor Marc Herrmann as Enzo Rossi Engaged To The Enemy drama shows that the D’Angelo family has convinced themselves of Enzo Rossi’s murders.
actor-phillip-charlie-daniell,Actor Phillip Charlie Daniell,Actor Phillip Charlie Daniell as Franco Franco of Engaged To The Enemy movie starts as a regular butler.
actress-lobat-asadi,Actress Lobat Asadi,Actress Lobat Asadi as Maria Maid Maria of Engaged To The Enemy vertical drama is one of the D’Angelo loyalists.
catherine-mazur,Catherine Mazur,"Part 3: Joining Natalie Parpaiola in Was the Heiress Switched at Birth Movie Was the Heiress Switched at Birth is ReelShort’s exclusive vertical series, which features Natalie Parpaiola, Lauren Edwards, and Catherine Mazur in the leading roles."
lauren-edwards,Lauren Edwards,"Part 3: Joining Natalie Parpaiola in Was the Heiress Switched at Birth Movie Was the Heiress Switched at Birth is ReelShort’s exclusive vertical series, which features Natalie Parpaiola, Lauren Edwards, and Catherine Mazur in the leading roles."
alicia-blasingame,Alicia Blasingame,Watch Movie Now >> Part 2: Who is in When Wife Won’t Forgive Movie—Meet the Cast & Their Roles Alicia Blasingame as Anne Roy When Wife Won’t Forgive main character Anne Roy was the Chairwoman of Roy Publishing.
constantin-cascante,Constantin Cascante,"Watch Movie Now >> David Harris (Actor: Constantin Cascante) David Harris’s role in Don’t Mess With Supermom full movie is a reversal of what we expect from a brother. Constantin Cascante, the actor playing David Harris, has been featured in another ReelShort movie."
kazandra-santana,Kazandra Santana,Part 4: Conclusions Part 1: Get To Know Pregnant By The Golden Billionaire Bachelor Cast & Their Characters Harper Hollinger (Actress: Kazandra Santana) Harper Hollinger initially never thought she would be Pregnant By The Golden Billionaire Bachelor. The young-looking Kazandra Santana is the actress behind Harper’s role.
anna-lumley,Anna Lumley,"Anna Lumley has made vertical drama fans think twice if they truly met their favorite actress. Aspects Details Full Name Anna Lumley Birthday Unknown Age 20-37 Height 5’7/170 cm Weight 110lbs/50kg Build Athletic/Toned Hair Red Eyes Blue Ethnicity White/European Descent Anna Lumley is an actor, dancer, and model currently based in Los Angeles, CA."
dasha-tvoronovich,Dasha Tvoronovich,"Part 1: Introducing The Year in His Chains Cast & Their Characters Dasha Tvoronovich as Anna Bieber Anna Bieber, The Year in His Chains main character is played by Dasha Tvoronovich, a Ukrainian actress."
jack-rykert,Jack Rykert,"Watch Movie Now >> Part 2: Looking At I’m Done Being a Yes-Man Main Characters and Actors Behind the Roles Jack Rykert as Enzo Quinn Enzo Quinn is the sole heir to the Quinn Corporation, one of the wealthiest million dollar empires. Jack Rykert is the I’m Done Being a Yes-Man actor shining through his powerful performances as the Quinn family heir in this revengeful drama."
troy-poe,Troy Poe,"Part 2: Marc Herrmann, The Actor Behind Troy Poe In Undercover Prison King Movie Part 3: Digging Deep In Troy Poe’s Backstory In Undercover Prison King Movie Part 4: Why Troy Poe’s Movie Feels Like A Must-Watch? Watch Movie Now >> Part 2: Marc Herrmann, The Actor Behind Troy Poe In Undercover Prison King Movie Isn’t it surprising that Marc Herrmann plays a leading role in Troy Poe full movie?"
connan-aaron,Connan Aaron,Part 1: First Look At Pride & Prejudice Cast & Their Roles Connan Aaron as Mr Darcy Pride & Prejudice main character Mr.
lauren-farmer,Lauren Farmer,Watch Movie Now >> Part 2: My Mother Is A Mafia Boss Full Movie Cast and Characters Lauren Farmer As Harper Murphy My Mother Is A Mafia Boss full movie cast includes Lauren Farmer in the leading role.
john-jamieson-michaels,John Jamieson Michaels,"Aspect Details Full Name John Jamieson Michaels Profession Actor, Model Age 33 1.2 J.J."
cast-jacob-born,Cast Jacob Born,Watch Movie Now >> Cast Jacob Born as Dylan The Elite Heir’s Ultimate Comeback drama has a manipulative villain.
tamra-paselk,Tamra Paselk,"Some of the movies he has starred in include “Behind the Line,” “Wide Sea,” and “Ghost Punchers.” Tamra Paselk as Blair Vance Tamira Paselk played the role of Blair Vance, Spencer’s mom and Damon’s rival. Tamra Paselk is an actress, producer, and writer known for “Law & Order, Organised Crime,” “Bronx’ish,” “The Girl in the Straw Hat,” “Good Morning,” and “Chronicles of a Bleep Year Old Woman.” Watch Movie Now >> Part 2."
han-yutong,Han Yutong,"Part 1: Love in the Twilight Breeze Cast and Characters Introduction Han Yutong as Ava Grace The main protagonist, Ava Grace, is played by the cast of Love in the Twilight Breeze, a famous Chinese actress, Han Yutong."
macy-minear,Macy Minear,"Watch Movie Now >> Part 2: The Divorce Me One Last Time Cast and Characters Macy Minear as Hallie The young and promising actress and dancer, Macy Minear is known for starring in Xanadu Hellfire, Hurtcore, Remember, Love, Deadly Cheers."
abby-burris,Abby Burris,Part 2: Meet Unexpected Knot Married to a Billionaire Nurse Full Movie Actor & Characters Abby Burris as Madeline Madeline is the main protagonist of Unexpected Knot: Married to a Billionaire Nurse full movie.
sara-rubio,Sara Rubio,"Watch Movie Now >> Zoe Zeller (Actress: Sara Michelle Rubio ) Zoe Zeller is the bitchy and flirtatious queen bee in The Summer My Heart Stopped vertical drama. Sara Michelle Rubio is the actress playing the bully, Zoe Zeller."
