trope_id,name,slug,description,title_count
a-nobody,a nobody,a-nobody,,3
age-gap,age gap,age-gap,,336
alpha,alpha,alpha,,537
alternate-history,alternate-history,alternate-history,,21
amnesia,amnesia,amnesia,,37
ancient-times,ancient-times,ancient-times,,16
another-world,another-world,another-world,,10
apocalypse,apocalypse,apocalypse,,65
athletes,athletes,athletes,,271
attorney,attorney,attorney,,171
bad-boy,bad boy,bad-boy,,14
bad-girl,bad girl,bad-girl,,5
beast,beast,beast,,20
betrayal,betrayal,betrayal,,96
biker,biker,biker,,1
billionaire,billionaire,billionaire,,1171
bl,bl,bl,,14
blind-date,blind date,blind-date,,5
body-swap,body swap,body-swap,,5
bodyguard,bodyguard,bodyguard,,32
bodyguard-romance,bodyguard romance,bodyguard-romance,,10
boss-romance,boss romance,boss-romance,,5
boxers,boxers,boxers,,2
brothers-best-friend,brothers best friend,brothers-best-friend,,2
bullying,bullying,bullying,,261
business,business,business,,327
camp-romance,camp romance,camp-romance,,1
campus,campus,campus,,543
celebrity,celebrity,celebrity,,32
ceo,CEO,ceo,,274
cheating,cheating,cheating,,765
childhood-sweethearts,childhood sweethearts,childhood-sweethearts,,5
cinderella,cinderella,cinderella,,777
college-romance,college romance,college-romance,,12
comeback,comeback,comeback,,32
comeback-story,comeback story,comeback-story,,59
contract,contract,contract,,128
contract-marriage,contract marriage,contract-marriage,,969
cowboy,cowboy,cowboy,,2
crush-to-love,crush to love,crush-to-love,,398
cute-kids,cute kids,cute-kids,,1065
dark,dark,dark,,80
dark-romance,dark romance,dark-romance,,670
destined-love,destined love,destined-love,,2
destiny,destiny,destiny,,13
devil,devil,devil,,106
divorce,divorce,divorce,,95
doctor,doctor,doctor,,1
dragon,dragon,dragon,,159
dynamic-duo,dynamic duo,dynamic-duo,,474
eastern-fantasy,eastern-fantasy,eastern-fantasy,,9
empress,empress,empress,,16
enemies-to-lovers,enemies to lovers,enemies-to-lovers,,260
entertainment,entertainment,entertainment,,123
escape-from-wedding,escape from wedding,escape-from-wedding,,93
fake-dating,fake dating,fake-dating,,6
fake-relationship,fake relationship,fake-relationship,,70
family,family,family,,1
family-bonds,family bonds,family-bonds,,11
family-drama,family drama,family-drama,,90
family-ethics,family-ethics,family-ethics,,5
family-intrigue,family intrigue,family-intrigue,,1
family-reunion,family reunion,family-reunion,,316
fantasy-romance,fantasy-romance,fantasy-romance,,23
fantasy-world,fantasy-world,fantasy-world,,13
fated-mates,fated mates,fated-mates,,26
female-empowerment,female-empowerment,female-empowerment,,27
finding-relatives,finding-relatives,finding-relatives,,7
flash-marriage,flash marriage,flash-marriage,,694
forbidden-love,forbidden love,forbidden-love,,705
forbidden-romance,forbidden romance,forbidden-romance,,33
forced-love,forced love,forced-love,,11
friends-to-lovers,friends to lovers,friends-to-lovers,,30
gamified-world,gamified world,gamified-world,,2
genius,genius,genius,,4
girl-crush,girl-crush,girl-crush,,5
god-of-war,god of war,god-of-war,,275
goddess-of-war,goddess of war,goddess-of-war,,133
golden-finger,golden-finger,golden-finger,,8
good-vs-evil,good-vs-evil,good-vs-evil,,5
group-favorite,group favorite,group-favorite,,260
harem,harem,harem,,16
hate,hate,hate,,341
hate-love,hate love,hate-love,,715
healing,healing,healing,,3
heir,heir,heir,,472
heiress,heiress,heiress,,174
highschool-romance,highschool romance,highschool-romance,,20
historial,historial,historial,,180
historical,historical,historical,,6
historical-romance,historical-romance,historical-romance,,9
holiday-romance,holiday romance,holiday-romance,,2
housewife,housewife,housewife,,341
hype,hype,hype,,11
immortal-love,immortal-love,immortal-love,,3
immortality,immortality,immortality,,11
independent-woman,independent woman,independent-woman,,200
inspirational,inspirational,inspirational,,4
inspiring,inspiring,inspiring,,31
interactive,interactive,interactive,,1
investigation,investigation,investigation,,4
janitor,janitor,janitor,,26
killer,killer,killer,,10
lawyer,lawyer,lawyer,,18
level-up,level-up,level-up,,1
little-cupids,little cupids,little-cupids,,475
lost-child,lost child,lost-child,,65
love-affair,love-affair,love-affair,,82
love-after-divorce,love-after-divorce,love-after-divorce,,51
love-after-marriage,love after marriage,love-after-marriage,,882
love-triangle,love triangle,love-triangle,,972
luna,luna,luna,,394
mafia,mafia,mafia,,120
maid,maid,maid,,163
marriage,marriage,marriage,,1
memory-loss,memory loss,memory-loss,,379
mid-aged-love,mid aged love,mid-aged-love,,9
military,military,military,,13
mind-bending,mind-bending,mind-bending,,19
miracle-doctor,miracle doctor,miracle-doctor,,246
miracle-encounter,miracle-encounter,miracle-encounter,,4
misidentification,misidentification,misidentification,,706
mistaken-identity,mistaken identity,mistaken-identity,,106
misunderstanding,misunderstanding,misunderstanding,,1247
modern-romance,modern-romance,modern-romance,,36
mutual-love,mutual love,mutual-love,,680
mystery,mystery,mystery,,68
no-strings-attached,no strings attached,no-strings-attached,,5
nobody,nobody,nobody,,3
office,office,office,,188
office-romance,office romance,office-romance,,413
one-night-stand,one night stand,one-night-stand,,604
oriental-fantasy,oriental fantasy,oriental-fantasy,,160
palace,palace,palace,,12
palace-intrigue,palace intrigue,palace-intrigue,,142
paranormal,paranormal,paranormal,,20
past-lives,past-lives,past-lives,,5
patriotism,patriotism,patriotism,,190
playing-dumb,playing dumb,playing-dumb,,296
plot-twist,plot-twist,plot-twist,,14
political,political,political,,12
possessive-love,possessive love,possessive-love,,133
power-couple,power-couple,power-couple,,11
powerful-family,powerful-family,powerful-family,,11
pregnancy,pregnancy,pregnancy,,812
princess,princess,princess,,31
prodigy,prodigy,prodigy,,14
professor,professor,professor,,11
puppy-love,puppy love,puppy-love,,256
queen,queen,queen,,9
rags-to-riches,rags to riches,rags-to-riches,,23
reality-show,reality show,reality-show,,3
reborn,reborn,reborn,,1456
reclusive-master,reclusive master,reclusive-master,,16
redemption,redemption,redemption,,782
rejected-mate,rejected mate,rejected-mate,,7
return-of-the-king,return-of-the-king,return-of-the-king,,3
revenge,revenge,revenge,,524
rich-family-feud,rich-family-feud,rich-family-feud,,10
rich-heiress,rich-heiress,rich-heiress,,5
rockstar,rockstar,rockstar,,2
rom-com,rom-com,rom-com,,12
romantasy,romantasy,romantasy,,23
romantic-comedy,romantic-comedy,romantic-comedy,,5
romantic-marriage,romantic-marriage,romantic-marriage,,4
royal,royal,royal,,650
runaway-bride,runaway bride,runaway-bride,,11
runaway-pregnancy,runaway-pregnancy,runaway-pregnancy,,5
rural-life,rural-life,rural-life,,3
schemes,schemes,schemes,,127
second-chance,second chance,second-chance,,708
secret-baby,secret baby,secret-baby,,14
secret-child,secret child,secret-child,,47
secret-identity,secret identity,secret-identity,,553
secret-relationship,secret relationship,secret-relationship,,1
secretary,secretary,secretary,,11
single-dad,single dad,single-dad,,46
single-mom,single mom,single-mom,,55
single-parent,single-parent,single-parent,,1
situationship,situationship,situationship,,1
slave,slave,slave,,96
slow-burn-romance,slow-burn-romance,slow-burn-romance,,4
small-town,small town,small-town,,10
society,society,society,,238
son-in-law,son in law,son-in-law,,179
sport,sport,sport,,106
sports-romance,sports romance,sports-romance,,19
stand-in,stand in,stand-in,,300
steamy,steamy,steamy,,111
step-romance,step romance,step-romance,,1
step-siblings,step-siblings,step-siblings,,13
stepbrother,stepbrother,stepbrother,,4
strangers-to-lovers,strangers to lovers,strangers-to-lovers,,1
strong-female-lead,strong female lead,strong-female-lead,,318
student,student,student,,168
substitute-bride,substitute bride,substitute-bride,,315
summer-romance,summer romance,summer-romance,,1
super-power,super-power,super-power,,9
superpower,superpower,superpower,,190
superpowered,superpowered,superpowered,,3
suspense,suspense,suspense,,10
system,system,system,,303
teen,teen,teen,,43
the-chosen-one,the chosen one,the-chosen-one,,53
time-travel,time travel,time-travel,,404
top-chef,top chef,top-chef,,70
top-professional,top-professional,top-professional,,3
tough-guy,tough guy,tough-guy,,1
toxic-love,toxic love,toxic-love,,1528
toxic-relationship,toxic relationship,toxic-relationship,,66
tragic-love,tragic-love,tragic-love,,15
treasure-hunt,treasure-hunt,treasure-hunt,,5
true-love,true-love,true-love,,3
twist,twist,twist,,22
underdog-rise,underdog rise,underdog-rise,,50
underdog-story,underdog story,underdog-story,,7
urban-fantasy,urban-fantasy,urban-fantasy,,5
vampire,vampire,vampire,,625
weight-loss,weight loss,weight-loss,,15
werewolf,werewolf,werewolf,,84
werewolves,werewolves,werewolves,,13
wish-fulfillment,wish-fulfillment,wish-fulfillment,,70
wizard,wizard,wizard,,55
women-rule,women-rule,women-rule,,3
workplace,workplace,workplace,,50
workplace-romance,workplace romance,workplace-romance,,15
young,young,young,,400
young-adult,young adult,young-adult,,82
high-fantasy,high fantasy,high-fantasy,"Umbrella for werewolves, dragons, elves, mermaids and magic (Cyan, 3 Sep 2026)",248
plus-size,plus size,plus-size,,12
mermaid,mermaid,mermaid,,4
reverse-harem,reverse harem,reverse-harem,,15
sweet-love,sweet love,sweet-love,,1690
hidden-feelings,hidden feelings,hidden-feelings,,148
glow-up,glow up,glow-up,,105
all-too-late,all too late,all-too-late,,100
reunion,reunion,reunion,,157
dysfunctional-family,dysfunctional family,dysfunctional-family,,95
first-love,first love,first-love,,94
taboo,taboo,taboo,,78
love-at-first-sight,love at first sight,love-at-first-sight,,60
